<?xml version="1.0" encoding="UTF-8"?>
<!DOCTYPE hibernate-configuration PUBLIC "-//Hibernate/Hibernate Configuration DTD 3.0//EN"
                                         "http://www.hibernate.org/dtd/hibernate-configuration-3.0.dtd">
<hibernate-configuration>
	<session-factory>
		<property name="hibernate.connection.driver_class">oracle.jdbc.driver.OracleDriver</property>
		<property name="hibernate.connection.password">seus</property>
		<property name="hibernate.connection.url">jdbc:oracle:thin:@10.207.180.29:1521:ORCL11</property>
		<property name="hibernate.connection.username">seus</property>
		<property name="connection.pool_size">1</property>
		<property name="hibernate.dialect">org.hibernate.dialect.Oracle10gDialect</property>
		<property name="hibernate.show_sql">true</property>
		<property name="hibernate.hbm2ddl.auto">validate</property>
		<mapping class="com.capgemini.TestTeam" />
	</session-factory>
</hibernate-configuration>