0,WHAT IS JAVA,*,*,Java is a programming language.,basic_conv.aiml
0,WHAT IS CHAT BOT,*,*,Chatbot is a computer program designed to simulate #Newline        conversation with human users#Comma especially over the Internet.,basic_conv.aiml
0,WHAT IS INDIA,*,*,wonderful country.,basic_conv.aiml
0,HI,*,*,<random><li>Hello!!! Whats your name?</li><li>Hi.. Whats your name?</li></random>,basic_conv.aiml
0,HOW ARE YOU,*,*,<random><li>Good! How about you?</li><li>I'am fine. Tell me about you?</li><li></li></random>,basic_conv.aiml
